{
  "k_values": [
    1,
    5,
    10,
    20,
    50
  ],
  "selection_k": 50,
  "best_metric_name": "neg_l1_standard",
  "results": {
    "cosine_l2": {
      "config": {
        "name": "cosine_l2",
        "preprocess": "l2",
        "similarity": "dot"
      },
      "n_valid_queries": 61,
      "mAP": {
        "1": 0.08196721311475409,
        "5": 0.12049180327868854,
        "10": 0.15000650533437418,
        "20": 0.1596372333785418,
        "50": 0.1759479677812325
      }
    },
    "dot_raw": {
      "config": {
        "name": "dot_raw",
        "preprocess": "raw",
        "similarity": "dot"
      },
      "n_valid_queries": 61,
      "mAP": {
        "1": 0.0,
        "5": 0.0644808743169399,
        "10": 0.09121129326047357,
        "20": 0.10506199603798955,
        "50": 0.11942702658284429
      }
    },
    "neg_l2_raw": {
      "config": {
        "name": "neg_l2_raw",
        "preprocess": "raw",
        "similarity": "neg_l2"
      },
      "n_valid_queries": 61,
      "mAP": {
        "1": 0.08196721311475409,
        "5": 0.12131147540983607,
        "10": 0.15080666146239918,
        "20": 0.1606376690608787,
        "50": 0.17643673037690016
      }
    },
    "neg_l2_standard": {
      "config": {
        "name": "neg_l2_standard",
        "preprocess": "standard",
        "similarity": "neg_l2"
      },
      "n_valid_queries": 61,
      "mAP": {
        "1": 0.08196721311475409,
        "5": 0.12540983606557377,
        "10": 0.14288966952901375,
        "20": 0.16458122595512836,
        "50": 0.17794282841849984
      }
    },
    "neg_l1_raw": {
      "config": {
        "name": "neg_l1_raw",
        "preprocess": "raw",
        "similarity": "neg_l1"
      },
      "n_valid_queries": 61,
      "mAP": {
        "1": 0.08196721311475409,
        "5": 0.12540983606557377,
        "10": 0.15565313557116833,
        "20": 0.1649501049909617,
        "50": 0.1813698357212735
      }
    },
    "neg_l1_standard": {
      "config": {
        "name": "neg_l1_standard",
        "preprocess": "standard",
        "similarity": "neg_l1"
      },
      "n_valid_queries": 61,
      "mAP": {
        "1": 0.08196721311475409,
        "5": 0.13196721311475412,
        "10": 0.1565964090554254,
        "20": 0.16794114785156755,
        "50": 0.18160851050738927
      }
    }
  }
}