{
  "name": "[single] num_apparent_arms",
  "fields": [
    "num_apparent_arms"
  ],
  "num_queries_with_pos": 61,
  "num_eval_queries": 53,
  "map_at_k": {
    "1": 0.11320754716981132,
    "2": 0.16981132075471697,
    "3": 0.18867924528301888,
    "4": 0.2028301886792453,
    "5": 0.21037735849056602,
    "6": 0.21981132075471696,
    "7": 0.23328840970350406,
    "8": 0.23328840970350406,
    "9": 0.23538484576220428,
    "10": 0.23444144953578916,
    "11": 0.23787198126820772,
    "12": 0.24416128944430837,
    "13": 0.24416128944430837,
    "14": 0.24685670723406578,
    "15": 0.24811456886928587,
    "16": 0.24929381415230475,
    "17": 0.25262344789259333,
    "18": 0.2536716659219434,
    "19": 0.2546647145813277,
    "20": 0.2546647145813277,
    "21": 0.2546647145813277,
    "22": 0.2546647145813277,
    "23": 0.2546647145813277,
    "24": 0.2546647145813277,
    "25": 0.2561741485435919,
    "26": 0.2576255273534612,
    "27": 0.2576255273534612,
    "28": 0.2576255273534612,
    "29": 0.2589267635278269,
    "30": 0.2589267635278269,
    "31": 0.2589267635278269,
    "32": 0.2589267635278269
  },
  "cmc_at_k": {
    "1": 0.11320754716981132,
    "2": 0.22641509433962265,
    "3": 0.2830188679245283,
    "4": 0.33962264150943394,
    "5": 0.37735849056603776,
    "6": 0.4339622641509434,
    "7": 0.5283018867924528,
    "8": 0.5283018867924528,
    "9": 0.5471698113207547,
    "10": 0.5660377358490566,
    "11": 0.6037735849056604,
    "12": 0.6792452830188679,
    "13": 0.6792452830188679,
    "14": 0.7169811320754716,
    "15": 0.7358490566037735,
    "16": 0.7547169811320755,
    "17": 0.8113207547169812,
    "18": 0.8301886792452831,
    "19": 0.8490566037735849,
    "20": 0.8490566037735849,
    "21": 0.8490566037735849,
    "22": 0.8490566037735849,
    "23": 0.8490566037735849,
    "24": 0.8490566037735849,
    "25": 0.8867924528301887,
    "26": 0.9245283018867925,
    "27": 0.9245283018867925,
    "28": 0.9245283018867925,
    "29": 0.9622641509433962,
    "30": 0.9622641509433962,
    "31": 0.9622641509433962,
    "32": 0.9622641509433962
  },
  "selection_k": 32,
  "selection_map": 0.2589267635278269,
  "selection_cmc": 0.9622641509433962
}